Organization,Repo Name,Stars,Forks,Primary Language,Topics
apple,app-store-server-library-java,86,21,Java,
apple,app-store-server-library-node,84,18,TypeScript,
apple,app-store-server-library-python,98,19,Python,
apple,app-store-server-library-swift,159,20,Swift,
apple,apple-llvm-infrastructure-tools,39,25,C++,
apple,apple_rules_lint,133,19,Starlark,
apple,ARKitScenes,558,55,Python,
apple,AudioUnit-Examples,69,5,Swift,
apple,AudioUnitSDK,149,31,C++,
apple,axlearn,567,104,Python,
apple,batch-processing-gateway,162,35,Java,batch-processing;k8s;kubernetes;spark
apple,ccs-caldavclientlibrary,40,26,HTML,
apple,ccs-caldavtester,54,36,Python,
apple,ccs-calendarserver,479,151,Python,
apple,ccs-pycalendar,70,38,Python,
apple,ccs-pykerberos,118,65,C,
apple,ccs-pyopendirectory,20,25,C++,
apple,ccs-pyosxframeworks,23,28,Python,
apple,ccs-pysecuretransport,20,22,Python,
apple,ccs-twistedextensions,16,29,Python,
apple,coremltools,3959,575,Python,coremltools;tensorflow;pytorch;coreml;machine-learning;model-converter;model-conversion
apple,cups,1814,443,C,ipp-protocol;printing;printer;snmp;ipp
apple,darwin-libplatform,126,53,C,
apple,darwin-libpthread,158,68,C,
apple,darwin-xnu,10861,1629,C,kernel
apple,device-management,513,47,,
apple,dnikit,62,3,Python,fairness-ml;introspection;machine-learning;python;ai;bias;compression;data;fairness;ml;data-duplication
apple,example-package-dealer,320,119,Swift,
apple,example-package-deckofplayingcards,182,76,Swift,
apple,example-package-figlet,11,5,Swift,
apple,example-package-fisheryates,182,68,Swift,
apple,example-package-playingcard,308,98,Swift,
apple,FHIRModels,165,32,Swift,fhir;swift;swift-package-manager
apple,foundationdb,13813,1258,C++,key-value-store;transactional;acid;distributed-database;foundationdb
apple,fstools,52,22,C,
apple,game-center-tools,5,1,Python,
apple,GCGC,437,45,Jupyter Notebook,
apple,homebrew-apple,2224,66,Ruby,
apple,HomeKitADK,2521,237,C,
apple,indexstore-db,300,70,C++,
apple,learning-compressible-subspaces,16,6,Python,
apple,learning-subspaces,125,18,Python,
apple,llvm-monorepo-root,8,9,,
apple,llvm-project,1003,309,,
apple,llvm-project-v5,7,11,C++,
apple,llvm-project-v5-split,5,8,C++,
apple,MaterialX,14,1,,
apple,ml-afv,41,19,Python,neurips-2019
apple,ml-aim,583,33,Python,jax;mlx;pytorch;large-scale-vision-models
apple,ml-all-pairs,34,21,Python,
apple,ml-ane-transformers,2443,78,Python,
apple,ml-aspanformer,167,19,Python,
apple,ml-autofocusformer,100,6,Python,aff;imagenet;object-classification;transformer;autofocusformer
apple,ml-autofocusformer-segmentation,56,2,Python,ade20k;aff;autofocusformer;cityscapes;coco;instance-segmentation;panoptic-segmentation;semantic-segmentation;transformer
apple,ml-batchquant,18,7,Python,
apple,ml-behavioral-testing-for-mt,3,0,,
apple,ml-calibration,61,2,Jupyter Notebook,
apple,ml-capsules-inverted-attention-routing,119,25,Python,iclr2020
apple,ml-cifar-10-faster,56,18,Python,
apple,ml-code-switched-speech-translation,25,11,Python,
apple,ml-codeswitching-translations,4,0,,
apple,ml-collegial-ensembles,10,6,Python,
apple,ml-core,25,11,Python,
apple,ml-covid-mobility,8,6,R,
apple,ml-cread,25,13,Python,
apple,ml-cvnets,1638,209,Python,ade20k;classification;computer-vision;deep-learning;detection;imagenet;machine-learning;mscoco;pascal-voc;pytorch;segmentation
apple,ml-cvpr2019-swd,125,25,Python,cvpr2019
apple,ml-dab,18,6,Python,
apple,ml-data-parameters,72,23,Python,neurips-2019
apple,ml-delphi,9,0,,
apple,ml-destseg,47,8,Python,
apple,ml-dms-dataset,41,11,Python,
apple,ml-dprecs,11,1,Jupyter Notebook,
apple,ml-dr,69,3,Python,
apple,ml-duet,13,2,Python,
apple,ml-entity-deduction-arena,5,0,Python,
apple,ml-entropy-reconstruction,21,2,Python,
apple,ml-envmapnet,57,12,Python,
apple,ml-equivariant-neural-rendering,98,24,Jupyter Notebook,
apple,ml-facelit,458,40,Python,nerf;faces;gan;generative
apple,ml-fastvit,1711,95,Python,
apple,ml-fct,46,7,Python,
apple,ml-ferret,7487,421,Python,
apple,ml-finerecon,119,12,Python,
apple,ml-flair,76,12,Jupyter Notebook,
apple,ml-gaudi,604,23,,
apple,ml-gmpi,332,31,Python,3d;eccv2022;generative-adversarial-network;neural-rendering;pytorch;generative-model;multiplane-images
apple,ml-gsn,287,39,Python,
apple,ml-heart-rate-models,37,3,Python,
apple,ml-hierarchical-confusion-matrix,289,29,TypeScript,confusion-matrix;data-visualization;machine-learning;visual-analytics
apple,ml-hypersim,1551,128,Python,
apple,ml-interspeech2022-phi_rtn,10,2,,language-modeling;machine-learning;speech-recognition;virtual-assistants
apple,ml-kge,13,2,Python,
apple,ml-knowledge-conflicts,56,20,Python,
apple,ml-live-pose,67,3,,
apple,ml-llarp,12,2,Python,
apple,ml-lucid-datagen,12,0,Python,
apple,ml-mgie,3597,231,Python,
apple,ml-mkqa,148,21,Python,dataset;nlp;multilingual-evaluation
apple,ml-mobileclip,158,6,Python,
apple,ml-mobileone,651,56,Swift,
apple,ml-multiple-futures-prediction,123,26,Python,neurips-2019
apple,ml-ncg,10,10,Python,
apple,ml-neilf,105,8,Python,
apple,ml-neilfpp,77,6,Python,
apple,ml-neuman,1235,142,Python,
apple,ml-no-token-left-behind,135,13,Jupyter Notebook,
apple,ml-np-rasp,8,0,Python,
apple,ml-nvas3d,40,4,Python,
apple,ml-pointconvformer,58,3,Python,
apple,ml-pointersect,107,8,Python,
apple,ml-probabilistic-attention,24,8,Python,
apple,ml-projunit,10,0,Python,
apple,ml-qrecc,126,19,Python,
apple,ml-quant,73,22,Python,
apple,ml-reed,8,1,Python,
apple,ml-rlgrad,4,0,Python,
apple,ml-robust-expert-augmentations,23,0,Python,
apple,ml-sad,38,6,Python,
apple,ml-selfcond,25,5,Python,
apple,ml-shuffling-amplification,15,10,Python,
apple,ml-sigma-reparam,262,8,Python,
apple,ml-spatial-librispeech,72,5,,machine-learning;spatial-audio
apple,ml-spin,16,3,Python,
apple,ml-stable-diffusion,15889,843,Python,
apple,ml-stabledreamer,7,0,,
apple,ml-stuttering-events-dataset,71,27,Python,
apple,ml-symphony,54,2,Svelte,computational-notebooks;data-science;data-visualization;machine-learning
apple,ml-tic-clip,12,0,,
apple,ml-tract,40,2,Python,
apple,ml-transcript-translation-consistency-ratings,6,7,,
apple,ml-translate-vis,56,1,TypeScript,data-visualization;machine-translation;visual-analytics
apple,ml-tree-dst,28,9,Python,
apple,ml-tune-mode-convbn,13,0,Python,batch-normalization;convolutional-neural-networks;efficiency;pytorch-fx;transfer-learning
apple,ml-upscale,62,8,Jupyter Notebook,deep-learning;export;machine-learning;pruning
apple,ml-uwac,32,7,Python,
apple,ml-veclip,4,0,Jupyter Notebook,
apple,ml-vfi-smiff,9,2,Python,
apple,ml-vision-transformers-ane,41,1,Python,
apple,openjdk,80,22,Java,
apple,password-manager-resources,3964,421,JavaScript,
apple,pfl-research,108,11,Python,differential-privacy;federated-learning;federated-learning-framework;machine-learning;privacy
apple,pkl,8772,235,Java,pkl;java;kotlin
apple,pkl-go,202,9,Go,
apple,pkl-go-examples,136,8,Go,
apple,pkl-intellij,34,5,Kotlin,
apple,pkl-jvm-examples,52,7,Groovy,
apple,pkl-k8s,82,2,Kotlin,
apple,pkl-k8s-examples,181,6,,
apple,pkl-lang.org,56,14,JavaScript,
apple,pkl-neovim,121,9,Scheme,
apple,pkl-package-docs,10,4,Kotlin,
apple,pkl-pantry,174,17,Kotlin,
apple,pkl-project-commons,7,2,,pkl
apple,pkl-spring,26,2,Java,
apple,pkl-swift,130,10,Swift,
apple,pkl-swift-examples,63,5,Swift,
apple,pkl-vscode,81,2,TypeScript,
apple,pkl.tmbundle,3,2,,
apple,sample-backyard-birds,488,42,Swift,
apple,sample-cloudkit-coredatasync,188,14,Swift,
apple,sample-cloudkit-encryption,75,9,Swift,
apple,sample-cloudkit-privatedb,138,14,Swift,
apple,sample-cloudkit-privatedb-sync,162,16,Swift,
apple,sample-cloudkit-queries,112,10,Swift,
apple,sample-cloudkit-sharing,279,33,Swift,
apple,sample-cloudkit-sync-engine,142,10,Swift,
apple,sample-cloudkit-tooling,17,8,JavaScript,
apple,sample-cloudkit-zonesharing,46,4,Swift,
apple,sample-food-truck,1671,129,Swift,swift;swiftui
apple,servicetalk,881,168,Java,java;reactive;reactive-streams;microservices;framework;http;http2;rpc;grpc;netty
apple,sourcekit-lsp,3061,244,Swift,
apple,swift,65509,10138,C++,
apple,swift-3-api-guidelines-review,450,76,Swift,
apple,swift-algorithms,5630,413,Swift,algorithm;iterator;itertools
apple,swift-aoc-starter-example,190,21,Swift,advent-of-code;advent-of-code-2023;advent-of-code-2023-swift;swift
apple,swift-argument-parser,3164,301,Swift,cli;command-line;flag;option
apple,swift-asn1,122,15,Swift,asn1;der;swift
apple,swift-async-algorithms,2700,127,Swift,swift
apple,swift-async-dns-resolver,64,6,Swift,
apple,swift-atomics,1003,48,Swift,concurrency;synchronization
apple,swift-book,1627,142,Markdown,
apple,swift-cassandra-client,83,14,Swift,
apple,swift-certificates,195,32,Swift,certificates;swift;x509
apple,swift-clang,674,178,C++,
apple,swift-clang-tools-extra,13,19,C++,
apple,swift-cluster-membership,196,18,Swift,distributed-systems;swift;server-side-swift;swift-on-server
apple,swift-cmake-examples,67,4,CMake,
apple,swift-cmark,254,83,C,
apple,swift-collections,3445,257,Swift,collection;container;deque;dequeue;hash;ordered-dictionary;ordered-set;sequence;queue
apple,swift-collections-benchmark,316,23,Swift,
apple,swift-community-hosted-continuous-integration,106,64,,
apple,swift-compiler-rt,96,66,C,
apple,swift-corelibs-foundation,5148,1107,Swift,
apple,swift-corelibs-libdispatch,2404,451,C,
apple,swift-corelibs-xctest,1113,273,Swift,
apple,swift-crypto,1390,143,C,cryptography;elliptic-curves;hash-functions;ciphers;ecdsa;ecdh;eddsa;boringssl;swift-crypto;swift
apple,swift-distributed-actors,562,54,Swift,swift;distributed-systems;actors;actor-model
apple,swift-distributed-tracing,189,22,Swift,distributed-systems;tracing;distributed-tracing;swift
apple,swift-distributed-tracing-baggage-core,12,11,Swift,swift;distributed-tracing;sswg
apple,swift-distributed-tracing-extras,31,3,Swift,
apple,swift-docc,1076,102,Swift,
apple,swift-docc-plugin,295,45,Swift,
apple,swift-docc-render,294,49,JavaScript,
apple,swift-docc-render-artifact,13,8,,
apple,swift-docc-symbolkit,162,34,Swift,
apple,swift-docker,1323,176,Dockerfile,
apple,swift-driver,764,176,Swift,
apple,swift-evolution,14907,2367,Markdown,
apple,swift-evolution-staging,35,23,Swift,
apple,swift-experimental-string-processing,263,47,Swift,
apple,swift-format,2265,205,Swift,
apple,swift-foundation,2116,124,Swift,
apple,swift-foundation-icu,55,6,C,
apple,swift-getting-started-cli,16,2,Swift,
apple,swift-getting-started-package-library,10,2,Swift,
apple,swift-http-structured-headers,151,24,Swift,http;structured-fields;swift;headers
apple,swift-http-types,813,34,Swift,
apple,swift-installer-scripts,64,33,CMake,
apple,swift-integration-tests,106,77,Python,
apple,swift-internals,182,70,HTML,
apple,swift-issues,5,2,,
apple,swift-libcxx,18,21,C++,
apple,swift-llbuild,1063,196,C++,build-system;swift;llbuild;llvm;build-tool
apple,swift-llbuild2,280,29,Swift,
apple,swift-lldb,671,216,C++,
apple,swift-llvm,814,192,LLVM,
apple,swift-llvm-bindings,71,5,Swift,
apple,swift-lmdb,22,13,C,
apple,swift-log,3240,266,Swift,logging;swift-server
apple,swift-markdown,2547,163,Swift,
apple,swift-metrics,607,53,Swift,metrics;swift-server
apple,swift-metrics-extras,40,13,Swift,
apple,swift-mmio,121,6,Swift,embedded;mmio;swift
apple,swift-nio,7696,610,Swift,swift;asynchronous-io;networking;event-driven;high-performance;non-blocking-io;non-blocking;swiftnio;swift5;swift-server
apple,swift-nio-examples,229,55,Swift,
apple,swift-nio-extras,186,70,Swift,swiftnio;swift5
apple,swift-nio-http2,446,73,Swift,swiftnio;http2;async;beta;swift5
apple,swift-nio-imap,92,13,Swift,
apple,swift-nio-nghttp2-support,13,15,Swift,
apple,swift-nio-ssh,365,48,Swift,
apple,swift-nio-ssl,380,139,C,tls;swiftnio;swift5;tls-support
apple,swift-nio-ssl-support,30,18,Swift,openssl;libressl;swiftnio
apple,swift-nio-transport-services,271,75,Swift,
apple,swift-nio-zlib-support,26,24,Swift,zlib;swiftnio;swift4
apple,swift-numerics,1604,132,Swift,math;complex;mathematics;maths;real;trig
apple,swift-openapi-generator,1125,78,Swift,ios-swift;openapi;server-side-swift;swift;plugin;swiftpm
apple,swift-openapi-runtime,138,29,Swift,middleware;openapi;swift;transport
apple,swift-openapi-urlsession,129,22,Swift,openapi;swift;transport;urlsession
apple,swift-org-website,432,153,SCSS,
apple,swift-package-collection-generator,95,24,Swift,
apple,swift-package-manager,9547,1288,Swift,
apple,swift-package-registry-compatibility-test-suite,4,7,Swift,
apple,swift-protobuf,4412,428,Swift,
apple,swift-protobuf-plugin,757,37,,
apple,swift-protobuf-test-conformance,23,23,,
apple,swift-sample-distributed-actors-transport,91,14,Swift,
apple,swift-sdk-generator,141,8,Swift,cross-compilation;swift
apple,swift-se0270-range-set,19,10,Swift,
apple,swift-se0288-is-power,5,7,Swift,
apple,swift-service-context,50,18,Swift,context-propagation;distributed-systems;concurrency;async-context;baggage;baggage-context;trace-context;sswg
apple,swift-service-discovery,204,18,Swift,
apple,swift-source-compat-suite,276,155,Python,
apple,swift-standard-library-preview,253,19,Swift,
apple,swift-statsd-client,55,18,Swift,
apple,swift-stress-tester,209,46,Swift,
apple,swift-syntax,2869,347,Swift,
apple,swift-system,1136,98,Swift,file-path;file-descriptor;posix
apple,swift-testing,986,27,Swift,software-quality;swift;swift-macros;testing;unit-testing
apple,swift-tools-support-async,28,13,Swift,
apple,swift-tools-support-core,390,120,Swift,
apple,swift-xcode-playground-support,269,83,Swift,
apple,swiftpm-on-llbuild2,39,8,Swift,
apple,tensorflow_macos,3647,305,Shell,
apple,tree-sitter-pkl,20,3,C,pkl;tree-sitter
apple,turicreate,11145,1133,C++,machine-learning;deep-learning;python
apple,unityplugins,658,113,C#,
apple,VideoFlashingReduction,172,7,Mathematica,
apple,vqg-multimodal-assistant,3,10,Python,
amazon-science,.github,1,2,,
amazon-science,abstractive-factual-tradeoff,10,0,Python,abstractive;abstractive-summarization;factuality;factuality-checking;metrics;summarization;summarization-dataset
amazon-science,active-sampling-for-minmax-fairness,4,1,Python,
amazon-science,adapt-image-models,0,19,,
amazon-science,adaptive-in-context-learning,11,1,Python,active-learning-in-nlp;few-shot-learning;in-context-learning;large-language-models;nlp
amazon-science,adasum,5,1,Python,
amazon-science,adversarial-robustness-with-nonuniform-perturbations,8,1,Python,
amazon-science,alexa-arena,95,11,Python,
amazon-science,alexa-teacher-models,361,26,Python,
amazon-science,amazon-alexa-language-assisted-product-search,8,4,Python,
amazon-science,amazon-multilingual-counterfactual-dataset,40,7,,
amazon-science,amazon-od3,0,0,Python,
amazon-science,amazon-RTRExtractor,0,0,C++,
amazon-science,anti-aliasing-transformer,3,0,,
amazon-science,assaying-ood,9,0,Python,
amazon-science,auto-cot,1053,104,Jupyter Notebook,large-language-models;prompt-engineering;gpt-3;gpt3-prompts;gpt3-resources;reasoning;chain-of-thought
amazon-science,aws-dialogue-qa-pair-generation,5,0,Python,
amazon-science,AWS-SWING,9,2,Python,
amazon-science,azcausal,29,2,Python,causal-inference;did;panel;sdid
amazon-science,background-summaries,1,1,Python,
amazon-science,BartGraphSumm,24,2,Python,abstractive-summarization
amazon-science,bias-bounties,0,2,Jupyter Notebook,
amazon-science,bigdetection,372,21,Python,object-detection;computer-vision;pretraining;few-shot
amazon-science,bio-mqm-dataset,3,1,Python,
amazon-science,bo-early-stopping,6,2,Jupyter Notebook,
amazon-science,bold,47,9,,nlp;nlg-dataset;nlg;gpt-2;language-model;bias;fairness-ml;bert-model;bert;text-generation
amazon-science,boon,40,8,Jupyter Notebook,boundary-conditions;constrained-operator;neural-operator;operator-learning;partial-differential-equations
amazon-science,buggy-code-completion,3,0,Python,
amazon-science,c2f-seg,25,0,Python,
amazon-science,cadical,0,1,C++,
amazon-science,carbon-assessment-with-ml,18,2,Jupyter Notebook,
amazon-science,causal-forecasting,11,3,Jupyter Notebook,
amazon-science,cceval,73,11,Python,
amazon-science,cdc-batch-rl,8,1,Python,batch-rl;offline-rl;reinforcement-learning;deep-learning
amazon-science,characterizing-measuring-linguistic-drift,2,0,Python,
amazon-science,cmaxent,6,0,Python,
amazon-science,co-with-gnns-example,116,26,HTML,
amazon-science,CodeSage,50,2,Python,
amazon-science,common-fate-fishbowl,3,0,Python,
amazon-science,context-situated-pun-generation,6,0,,
amazon-science,contextual-attention-nlm,14,4,Python,
amazon-science,contextual-product-qa,7,0,,
amazon-science,ContraCLM,23,1,Python,contrastive-learning;llm;nlp;generative-ai;gpt-2
amazon-science,contrastive-controlled-mt,20,6,Ruby,
amazon-science,controllable-readability-summarization,7,1,Python,controllable;generation;readability;summarization
amazon-science,controlling-llm-memorization,20,4,Python,
amazon-science,convolution-matching,3,0,Jupyter Notebook,
amazon-science,creating-and-correcting-novel-ml-model-errors,30,3,Jupyter Notebook,
amazon-science,crossmodal-contrastive-learning,56,11,Python,multi-modality;video;video-text-retrieval;video-captioning;computer-vision;natural-language-processing;transformers;contrastive-learning
amazon-science,crossnorm-selfnorm,115,7,Python,normalization;model-robustness;computer-vision;natural-language-processing;domain-generalization;domain-adaptation;iccv-2021
amazon-science,data-augmentation-for-entity-resolution,4,1,Python,
amazon-science,dataflow-evaluation-toolkit,3,2,Python,
amazon-science,datatuner,89,21,Python,
amazon-science,detecting-adversarial-samples-using-sagemaker,0,0,Jupyter Notebook,
amazon-science,dialogue-meaning-representation,8,2,Python,
amazon-science,dimension-extraction-dataset,7,1,,
amazon-science,discal,4,0,Python,
amazon-science,disrupt-amr,1,0,Python,
amazon-science,disttgl,11,4,Python,
amazon-science,doc-mt-metrics,15,3,Python,
amazon-science,domain-knowledge-injection,32,4,Python,
amazon-science,doscond,13,3,Python,
amazon-science,dq-bart,48,11,Python,
amazon-science,dse,43,5,Python,
amazon-science,dstc11-track2-intent-induction,43,8,Python,
amazon-science,dual-channel-hypergraph-neural-network,10,2,Python,
amazon-science,earth-forecasting-transformer,319,55,Jupyter Notebook,
amazon-science,efficient-dialogue-state-tracking-by-sequential-information-processing,4,2,Python,
amazon-science,efficient-longdoc-classification,36,7,Python,
amazon-science,efficient-object-centric-representation-amodal-segmentation,1,0,Python,
amazon-science,embert,56,12,Python,
amazon-science,esci-data,185,45,Python,
amazon-science,explainable-trajectory-prediction,13,4,Python,
amazon-science,exponential-moving-average-normalization,96,13,Python,computer-vision;self-supervised-learning;semi-supervised-learning;normalization
amazon-science,expunations,8,2,,
amazon-science,fact-check-summarization,76,15,Python,
amazon-science,fact-graph,41,5,Python,factuality;abstractive-summarization
amazon-science,fair-ordinal-regression,1,1,Roff,
amazon-science,fair-pca,4,1,Python,
amazon-science,faithful-summarization-generation,12,3,Python,
amazon-science,fast-rl-with-slow-updates,16,1,Jupyter Notebook,
amazon-science,fast_label,3,0,Python,
amazon-science,FeatGraph,68,12,Python,
amazon-science,few-shot-baseline,24,8,Python,
amazon-science,few-shot-object-detection-benchmark,11,1,Python,
amazon-science,fewshotqa,9,3,Python,
amazon-science,fleet2d,1,0,Python,robotics;robotics-simulation;simulator;simulators
amazon-science,food-ordering-semantic-parsing-dataset,6,2,,
amazon-science,fpgan-control,4,0,Python,
amazon-science,fq-bank,2,0,,
amazon-science,fraud-dataset-benchmark,98,18,Jupyter Notebook,
amazon-science,frictional-utterances-clustering,1,0,Python,clustering;embeddings;sentence-transformers
amazon-science,function-call-argument-completion,6,0,Python,
amazon-science,gan-control,128,20,Jupyter Notebook,
amazon-science,gcp-with-gnns-example,9,4,Jupyter Notebook,
amazon-science,gendered-profession-translations,4,1,,
amazon-science,generalized-fairness-metrics,11,3,Jupyter Notebook,
amazon-science,geographical-erasure-in-language-generation,5,0,Jupyter Notebook,
amazon-science,gfst-nmt,9,2,Ruby,
amazon-science,glass-text-spotting,94,11,Python,attention;deep-learning;detection;ocr;text-spotting
amazon-science,gluonmm,49,2,Python,transformer;multimodality;pytorch;computer-vision;video;iccv-2021
amazon-science,gnn-tail-generalization,48,14,Python,
amazon-science,goal-gps-ordered-activity-labels,4,2,,activity-recognition;dataset;geospatial-data
amazon-science,graph-lm-ensemble,7,3,Python,
amazon-science,heterograph-preprocessing,3,0,Python,
amazon-science,hierarchical-bayesian-analysis-with-bang,0,0,R,
amazon-science,hyperbolic-embeddings,34,5,Python,
amazon-science,idiom-mt,4,1,Jupyter Notebook,
amazon-science,iesum,5,0,Python,
amazon-science,incremental-parsing,5,0,Python,
amazon-science,indoor-scene-generation-eai,43,9,Jupyter Notebook,
amazon-science,instruct-video-to-video,48,4,Python,
amazon-science,instruction-tuning-for-absa,12,1,Python,
amazon-science,intent-aware-encoder,8,2,Python,
amazon-science,invite-llm-hallucinations,6,0,Python,
amazon-science,ip-stability-for-clustering,0,1,Python,
amazon-science,irgr,9,0,Python,
amazon-science,isometric-slt,6,1,JavaScript,spoken-language-translation;machine-translation;machine-learning;isometric-translation;neural-machine-translation;length-control;verbosity-control
amazon-science,iwslt-autodub-task,15,8,Python,
amazon-science,label-aware-pretrain,16,3,Python,
amazon-science,LatticeAlgorithms.jl,1,0,Julia,lattice;lattice-reduction;gottesman-kitaev-preskill-code
amazon-science,lc-loss,1,0,Python,
amazon-science,listen-know-spell-dataset,2,0,,
amazon-science,llm-interpret,18,0,Python,
amazon-science,long-short-term-transformer,119,18,Python,online-action-detection;video-analysis;video-transformer
amazon-science,long-tailed-ood-detection,36,5,Python,
amazon-science,machine-translation-gender-eval,7,0,Ruby,
amazon-science,manifold-restricted-shapley,5,2,Jupyter Notebook,
amazon-science,masked-diffusion-lm,44,2,Python,
amazon-science,mdns-facial-exp,5,0,HTML,
amazon-science,meta-learning-the-difference,6,0,Python,
amazon-science,meta-q-learning,102,18,Python,deep-learning;meta-learning;reinforcement-learning;multi-task-learning
amazon-science,minimax-fair,8,9,Python,
amazon-science,mintaka,97,7,Python,
amazon-science,mix-generation,100,4,Python,data-augmentation;data-efficiency;multimodal;pretraining;vision-language
amazon-science,mm-cot,3632,304,Python,
amazon-science,mt-markup-tags,3,1,,
amazon-science,multi-way-parallel-ccmatrix,4,0,Python,
amazon-science,multiatis,22,2,Python,
amazon-science,multilingual-robust-contrastive-pretraining,7,0,Python,
amazon-science,multimodal-neuralslam,7,1,Python,
amazon-science,multimodal-robustness,9,0,,
amazon-science,mxeval,78,17,Python,
amazon-science,nameguess,10,0,Python,
amazon-science,nearest-neighbor-crosslingual-classification,2,2,Python,
amazon-science,network-deconvolution-pp,5,4,Jupyter Notebook,
amazon-science,nl2sql-omop-cdm,9,4,Python,
amazon-science,nlu-slot-constraints,4,1,Python,
amazon-science,normalizer-free-robust-training,18,0,Python,
amazon-science,object-centric-learning-framework,55,3,Python,
amazon-science,object-centric-multiple-object-tracking,29,3,Python,
amazon-science,object-centric-vol,4,0,Python,
amazon-science,omni-detr,65,7,Python,object-detection;omni-supervised-learning;semi-supervised-learning;weakly-supervised-learning
amazon-science,on-off-screen-prosodic-alignment,2,0,,
amazon-science,ope-learn-action-embeddings,7,0,Python,
amazon-science,page-link-path-based-gnn-explanation,15,5,Python,
amazon-science,panrep,14,1,Jupyter Notebook,
amazon-science,patchcore-inspection,592,126,Python,
amazon-science,peft-design-spaces,23,0,Python,
amazon-science,petshop-root-cause-analysis,3,0,Python,
amazon-science,PhraseSumm-short-phrase-summarization,0,0,,
amazon-science,pizza-semantic-parsing-dataset,20,3,Python,semantic-parsing;dataset;natural-language-processing;nlp
amazon-science,polygon-transformer,102,6,Python,
amazon-science,precision-gnss,8,0,,gnss;gps;high-precision;localization;trajectories;lane-level
amazon-science,prism-finetuned,0,0,Python,
amazon-science,probconserv,50,9,Python,conservation-laws;downstream-tasks;partial-differential-equations;porous-media-flow;shock-capturing;uncertainty-quantification
amazon-science,progressive-coordinate-transforms,63,10,Python,3d-detection;waymo-open-dataset;kitti-dataset;neurips-2021
amazon-science,prompt-pretraining,239,8,Python,
amazon-science,proteno,41,5,,
amazon-science,qa-dataset-converter,52,9,Python,
amazon-science,quantile-aggregation,14,1,Python,
amazon-science,question-answer-consolidation,2,1,Python,
amazon-science,question-answering-nlu,7,3,Python,
amazon-science,random-tma,4,0,Python,
amazon-science,read-up,7,3,Python,visual-dialog;vision-and-language
amazon-science,real-world-noisy-benchmarks-for-natural-language-understanding,3,1,,natural-language-processing;natural-language-understanding;dataset
amazon-science,recode,39,6,Python,code-generation;large-language-models;nlp;robustness
amazon-science,RefChecker,165,11,Python,factuality;hallucination;llms
amazon-science,ReFinED,151,29,Python,entity-extraction;entity-linking;entity-resolution;nlp;pytorch
amazon-science,regression-constraint-model-upgrade,8,1,Python,computer-vision;deep-learning
amazon-science,relaxed-adaptive-projection,13,8,Python,
amazon-science,replay-based-recurrent-rl,26,5,Python,meta-learning;multi-task-learning;reinforcement-learning
amazon-science,resource-constrained-naturalized-semantic-parsing,4,0,,nlp;dataset;few-shot;natural-language-processing;natural-language-understanding;nlu;overnight;pizza;semantic-parsing
amazon-science,rethinking-minimax-fairness,2,1,Python,
amazon-science,robust-tableqa,18,4,Python,
amazon-science,sample-reduction-with-typicality,0,0,Python,
amazon-science,sc2qa-dril,5,1,Python,question-generation;question-answering;natural-language-generation;question-answer-generation;answer-generation;imitation-learning
amazon-science,sccl,282,55,Python,
amazon-science,self-supervised-amodal-video-object-segmentation,10,5,Python,
amazon-science,self-supervised-maclr,9,1,Python,
amazon-science,semantic-parsing-as-abstractive-qa,5,0,Python,
amazon-science,semantic-parsing-on-wikidata,8,1,Python,
amazon-science,semi-vit,41,7,Python,machine-learning;semi-supervised-learning;vision-transformer
amazon-science,semimtr-text-recognition,75,13,Python,computer-vision;consistency-regularization;contrastive-learning;ocr;scene-text-recognition;semi-supervised-learning;text-recognition;deep-learning;pytorch;self-supervised-learning
amazon-science,sentence-representations,76,12,Python,
amazon-science,siam-mot,472,62,Python,computer-vision;multi-object-tracking;video-analysis
amazon-science,small-baseline-camera-tracking,65,5,,
amazon-science,sp-cil,8,2,Python,
amazon-science,spot-diff,101,8,Python,
amazon-science,stac-speech-translation,11,1,Python,
amazon-science,statistical-byte-pair-encoding,7,2,Python,
amazon-science,stil-mbart-multiatis,4,1,Python,
amazon-science,stochastic-backpropagation,16,3,,
amazon-science,street-reasoning,16,4,Python,
amazon-science,structure-aware-language-models,7,2,Python,
amazon-science,summarization-sicf-score,2,0,Python,
amazon-science,summary-reference-revision,18,5,Python,
amazon-science,sumren,7,1,Python,
amazon-science,supervised-intent-clustering,1,0,Python,clustering;embeddings;sentence-transformers
amazon-science,tab-dataset,1,0,,
amazon-science,tabsyn,29,17,Python,
amazon-science,tango,4,0,,
amazon-science,tanl,125,24,Python,natural-language-processing;pytorch;deep-learning
amazon-science,temporal-robustness,3,0,Jupyter Notebook,
amazon-science,tensor-train-for-gcn,2,1,Python,
amazon-science,textadain-robust-recognition,21,1,Python,deep-learning;pytorch;shortcut-learning;text-recognition;handwriting-recognition;ocr;regularization;scene-text-recognition
amazon-science,text_generation_diffusion_llm_topic,2,0,Python,
amazon-science,tgl,168,29,Python,
amazon-science,tofueval,9,1,,
amazon-science,tracking-dataset,44,3,Python,
amazon-science,transformer-gan,48,12,Python,
amazon-science,transformers-data-augmentation,48,7,Python,bart;bert;bert-model;data-augmentation;gpt
amazon-science,trd-gnn,1,0,Python,
amazon-science,tubelet-transformer,59,14,Python,transformer;action-detection;ava;jhmdb;tubelet-transformer;tuber;ucf
amazon-science,unconditional-time-series-diffusion,63,10,Python,diffusion-models;neurips;neurips-2023;pytorch;time-series;time-series-forecasting
amazon-science,unified-ept,30,8,Python,transformers;iccv-2021;semantic-segmentation;pyramid;efficient
amazon-science,uniform-episodic-sampling,3,2,Python,
amazon-science,unique-batches,10,0,Jupyter Notebook,
amazon-science,univeral-prompt-production-systems,5,0,Python,
amazon-science,unsat-proof-skeletons,2,0,C++,
amazon-science,unsupervised-melody-to-lyrics-generation,8,0,,
amazon-science,video-contrastive-learning,151,16,Python,computer-vision;video-understanding;self-supervised-learning;contrastive-learning;iccv-2021
amazon-science,webie,8,1,Python,entity-extraction;information-extraction;nlp;nlp-dataset;relation-extraction
amazon-science,widerface-demographics,2,0,Python,
amazon-science,wikiwiki-dataset,9,0,Shell,
amazon-science,wqa-cascade-transformers,21,5,,question-answering;natural-language-processing;mxnet
amazon-science,wqa-cerberus,5,0,Python,answer-sentence-selection;knowledge-distillation;nlp;question-answering;transformer
amazon-science,wqa-contextual-qa,15,5,Python,question-answering;transformers;natural-language-processing;passage-reranking
amazon-science,wqa-controlled-text-generation,2,0,Python,
amazon-science,wqa-multi-sentence-inference,12,2,Python,nlp;transformer;question-answering;answer-sentence-selection;pretraining
amazon-science,wqa_listqa,1,0,,
amazon-science,wqa_tanda,107,28,,
amazon-science,zero-shot-e2e-slu,6,0,Python,
